Index,Type,Time,Desceiption
0,MSG,333976184,jitter_iti_end_3
1,MSG,333974623,jitter_iti_start_3
2,MSG,333972630,reward_end_3
3,MSG,333972630,!V CLEAR 0 0 0
4,MSG,333970633,!V IMGLOAD CENTER F:\Pic_TOJ\pic_pool_step_3_formal\682_3.png 1280 972 576 320
5,MSG,333970633,reward_start_3
6,MSG,333970614,forcedchoice_end_3
7,MSG,333970614,!V CLEAR 0 0 0
8,MSG,333968914,!V DRAWBOX 0 255 0 1845 537 1995 687
9,MSG,333968914,!V DRAWBOX 0 255 0 565 537 715 687
10,MSG,333968914,!V DRAWBOX 0 255 0 1205 1257 1355 1407
11,MSG,333968914,!V IAREA RECTANGLE 3 1632 92 2208 412 right_roi
12,MSG,333968914,!V IAREA RECTANGLE 2 352 92 928 412 left_roi
13,MSG,333968914,!V IAREA RECTANGLE 1 992 812 1568 1132 bottom_roi
14,MSG,333968914,!V IMGLOAD CENTER F:\Pic_TOJ\pic_pool_step_3_formal\682_1.png 1920 251 576 320
15,MSG,333968914,!V IMGLOAD CENTER F:\Pic_TOJ\pic_pool_step_3_formal\682_2.png 640 251 576 320
16,MSG,333968913,!V IMGLOAD CENTER F:\Pic_TOJ\pic_pool_step_3_formal\682_3.png 1280 972 576 320
17,MSG,333968913,forcedchoice_start_3
18,MSG,333968871,target_position : bottom
19,MSG,333968868,jitter_iti_end_2
20,MSG,333967043,jitter_iti_start_2
21,MSG,333965050,reward_end_2
22,MSG,333965050,!V CLEAR 0 0 0
23,MSG,333963053,!V IMGLOAD CENTER F:\Pic_TOJ\pic_pool_step_3_formal\782_2.png 1280 972 576 320
24,MSG,333963053,reward_start_2
25,MSG,333963035,forcedchoice_end_2
26,MSG,333963035,!V CLEAR 0 0 0
27,MSG,333960593,!V DRAWBOX 0 255 0 1845 537 1995 687
28,MSG,333960593,!V DRAWBOX 0 255 0 565 537 715 687
29,MSG,333960593,!V DRAWBOX 0 255 0 1205 1257 1355 1407
30,MSG,333960593,!V IAREA RECTANGLE 3 1632 92 2208 412 right_roi
31,MSG,333960593,!V IAREA RECTANGLE 2 352 92 928 412 left_roi
32,MSG,333960593,!V IAREA RECTANGLE 1 992 812 1568 1132 bottom_roi
33,MSG,333960593,!V IMGLOAD CENTER F:\Pic_TOJ\pic_pool_step_3_formal\782_1.png 1920 251 576 320
34,MSG,333960593,!V IMGLOAD CENTER F:\Pic_TOJ\pic_pool_step_3_formal\782_3.png 640 251 576 320
35,MSG,333960593,!V IMGLOAD CENTER F:\Pic_TOJ\pic_pool_step_3_formal\782_2.png 1280 972 576 320
36,MSG,333960593,forcedchoice_start_2
37,MSG,333960550,target_position : bottom
38,MSG,333960548,jitter_iti_end_1
39,MSG,333958643,jitter_iti_start_1
40,MSG,333956649,reward_end_1
41,MSG,333956649,!V CLEAR 0 0 0
42,MSG,333954652,!V IMGLOAD CENTER F:\Pic_TOJ\pic_pool_step_3_formal\770_3.png 1920 251 576 320
43,MSG,333954652,reward_start_1
44,MSG,333954635,forcedchoice_end_1
45,MSG,333954635,!V CLEAR 0 0 0
46,MSG,333951225,!V DRAWBOX 0 255 0 1845 537 1995 687
47,MSG,333951225,!V DRAWBOX 0 255 0 565 537 715 687
48,MSG,333951225,!V DRAWBOX 0 255 0 1205 1257 1355 1407
49,MSG,333951225,!V IAREA RECTANGLE 3 1632 92 2208 412 right_roi
50,MSG,333951225,!V IAREA RECTANGLE 2 352 92 928 412 left_roi
51,MSG,333951225,!V IAREA RECTANGLE 1 992 812 1568 1132 bottom_roi
52,MSG,333951225,!V IMGLOAD CENTER F:\Pic_TOJ\pic_pool_step_3_formal\770_3.png 1920 251 576 320
53,MSG,333951225,!V IMGLOAD CENTER F:\Pic_TOJ\pic_pool_step_3_formal\770_1.png 640 251 576 320
54,MSG,333951225,!V IMGLOAD CENTER F:\Pic_TOJ\pic_pool_step_3_formal\770_2.png 1280 972 576 320
55,MSG,333951225,forcedchoice_start_1
56,MSG,333951185,target_position : right
57,MSG,333951182,jitter_iti_end_0
58,MSG,333948854,jitter_iti_start_0
59,MSG,333948854,punishment_end_0
60,MSG,333940851,punishment_start_0
61,MSG,333940851,forcedchoice_end_0
62,MSG,333940851,!V CLEAR 0 0 0
63,MSG,333938253,!V DRAWBOX 0 255 0 1845 537 1995 687
64,MSG,333938253,!V DRAWBOX 0 255 0 565 537 715 687
65,MSG,333938253,!V DRAWBOX 0 255 0 1205 1257 1355 1407
66,MSG,333938253,!V IAREA RECTANGLE 3 1632 92 2208 412 right_roi
67,MSG,333938253,!V IAREA RECTANGLE 2 352 92 928 412 left_roi
68,MSG,333938253,!V IAREA RECTANGLE 1 992 812 1568 1132 bottom_roi
69,MSG,333938253,!V IMGLOAD CENTER F:\Pic_TOJ\pic_pool_step_3_formal\1065_3.png 1920 251 576 320
70,MSG,333938253,!V IMGLOAD CENTER F:\Pic_TOJ\pic_pool_step_3_formal\1065_2.png 640 251 576 320
71,MSG,333938253,!V IMGLOAD CENTER F:\Pic_TOJ\pic_pool_step_3_formal\1065_1.png 1280 972 576 320
72,MSG,333938253,forcedchoice_start_0
73,MSG,333938220,target_position : bottom
74,MSG,333938219,delay_end
75,MSG,333937213,delay_start
76,MSG,333937213,!V CLEAR 0 0 0
77,MSG,333937213,memory_iti_end
78,MSG,333935203,memory_iti_start
79,MSG,333935203,forcedmemory_end_pic_3
80,MSG,333935203,!V CLEAR 0 0 0
81,MSG,333930213,!V IAREA RECTANGLE 9 992 560 1568 880 memory_roi
82,MSG,333930213,!V IMGLOAD CENTER F:\Pic_TOJ\pic_pool_step_3_formal\1065_1.png 1280 720 576 320
83,MSG,333930212,forcedmemory_start_pic_3
84,MSG,333930202,memory_iti_end
85,MSG,333928192,memory_iti_start
86,MSG,333928192,forcedmemory_end_pic_2
87,MSG,333928192,!V CLEAR 0 0 0
88,MSG,333923192,!V IAREA RECTANGLE 9 992 560 1568 880 memory_roi
89,MSG,333923192,!V IMGLOAD CENTER F:\Pic_TOJ\pic_pool_step_3_formal\682_3.png 1280 720 576 320
90,MSG,333923192,forcedmemory_start_pic_2
91,MSG,333923178,memory_iti_end
92,MSG,333921168,memory_iti_start
93,MSG,333921168,forcedmemory_end_pic_1
94,MSG,333921168,!V CLEAR 0 0 0
95,MSG,333916169,!V IAREA RECTANGLE 9 992 560 1568 880 memory_roi
96,MSG,333916168,!V IMGLOAD CENTER F:\Pic_TOJ\pic_pool_step_3_formal\782_2.png 1280 720 576 320
97,MSG,333916168,forcedmemory_start_pic_1
98,MSG,333916154,memory_iti_end
99,MSG,333914143,memory_iti_start
100,MSG,333914143,forcedmemory_end_pic_0
101,MSG,333914143,!V CLEAR 0 0 0
102,MSG,333909142,!V IAREA RECTANGLE 9 992 560 1568 880 memory_roi
103,MSG,333909142,!V IMGLOAD CENTER F:\Pic_TOJ\pic_pool_step_3_formal\770_3.png 1280 720 576 320
104,MSG,333909142,forcedmemory_start_pic_0
105,MSG,333909129,selfpaced_start_m_end
106,MSG,333908116,selfpaced_start_m_start
107,MSG,333908116,EYE_USED 1 RIGHT
108,MSG,333907981,!MODE RECORD CR 2000 2 1 R
109,MSG,333907980,ELCL_EFIT_PARAMS 1.01 4.00 0.15 0.05 0.65 0.65 0.00 0.00 0.30
110,MSG,333907980,ELCL_PROC ELLIPSE (5)
111,MSG,333907980,PUPIL_DATA_TYPE RAW_AUTOSLIP
112,MSG,333907980,CAMERA_LENS_FOCAL_LENGTH 27.00
113,MSG,333907980,ELCL_WINDOW_SIZES 160 160 0 0
114,MSG,333907980,THRESHOLDS R 65 201
115,MSG,333907980,GAZE_COORDS 0.00 0.00 2559.00 1439.00
116,MSG,333907980,ELCLCFG MPRIM
117,MSG,333907980,RECCFG CR 2000 2 1 R
118,MSG,333907939,jitter_iti_end_3
119,MSG,333906563,jitter_iti_start_3
120,MSG,333906563,punishment_end_3
121,MSG,333898560,punishment_start_3
122,MSG,333898559,forcedchoice_end_3
123,MSG,333898559,!V CLEAR 0 0 0
124,MSG,333895646,!V DRAWBOX 0 255 0 1845 537 1995 687
125,MSG,333895646,!V DRAWBOX 0 255 0 565 537 715 687
126,MSG,333895646,!V DRAWBOX 0 255 0 1205 1257 1355 1407
127,MSG,333895646,!V IAREA RECTANGLE 3 1632 92 2208 412 right_roi
128,MSG,333895646,!V IAREA RECTANGLE 2 352 92 928 412 left_roi
129,MSG,333895646,!V IAREA RECTANGLE 1 992 812 1568 1132 bottom_roi
130,MSG,333895646,!V IMGLOAD CENTER F:\Pic_TOJ\pic_pool_step_3_formal\1065_2.png 1920 251 576 320
131,MSG,333895646,!V IMGLOAD CENTER F:\Pic_TOJ\pic_pool_step_3_formal\1065_1.png 640 251 576 320
132,MSG,333895646,!V IMGLOAD CENTER F:\Pic_TOJ\pic_pool_step_3_formal\1065_3.png 1280 972 576 320
133,MSG,333895646,forcedchoice_start_3
134,MSG,333895612,target_position : left
135,MSG,333895610,jitter_iti_end_2
136,MSG,333894366,jitter_iti_start_2
137,MSG,333894366,punishment_end_2
138,MSG,333886363,punishment_start_2
139,MSG,333886363,forcedchoice_end_2
140,MSG,333886363,!V CLEAR 0 0 0
141,MSG,333884040,!V DRAWBOX 0 255 0 1845 537 1995 687
142,MSG,333884040,!V DRAWBOX 0 255 0 565 537 715 687
143,MSG,333884040,!V DRAWBOX 0 255 0 1205 1257 1355 1407
144,MSG,333884040,!V IAREA RECTANGLE 3 1632 92 2208 412 right_roi
145,MSG,333884040,!V IAREA RECTANGLE 2 352 92 928 412 left_roi
146,MSG,333884040,!V IAREA RECTANGLE 1 992 812 1568 1132 bottom_roi
147,MSG,333884040,!V IMGLOAD CENTER F:\Pic_TOJ\pic_pool_step_3_formal\782_2.png 1920 251 576 320
148,MSG,333884040,!V IMGLOAD CENTER F:\Pic_TOJ\pic_pool_step_3_formal\782_1.png 640 251 576 320
149,MSG,333884040,!V IMGLOAD CENTER F:\Pic_TOJ\pic_pool_step_3_formal\782_3.png 1280 972 576 320
150,MSG,333884040,forcedchoice_start_2
151,MSG,333883998,target_position : right
152,MSG,333883995,jitter_iti_end_1
153,MSG,333882011,jitter_iti_start_1
154,MSG,333880017,reward_end_1
155,MSG,333880017,!V CLEAR 0 0 0
156,MSG,333878020,!V IMGLOAD CENTER F:\Pic_TOJ\pic_pool_step_3_formal\770_3.png 1920 251 576 320
157,MSG,333878020,reward_start_1
158,MSG,333878002,forcedchoice_end_1
159,MSG,333878002,!V CLEAR 0 0 0
160,MSG,333876815,!V DRAWBOX 0 255 0 1845 537 1995 687
161,MSG,333876815,!V DRAWBOX 0 255 0 565 537 715 687
162,MSG,333876815,!V DRAWBOX 0 255 0 1205 1257 1355 1407
163,MSG,333876815,!V IAREA RECTANGLE 3 1632 92 2208 412 right_roi
164,MSG,333876815,!V IAREA RECTANGLE 2 352 92 928 412 left_roi
165,MSG,333876815,!V IAREA RECTANGLE 1 992 812 1568 1132 bottom_roi
166,MSG,333876815,!V IMGLOAD CENTER F:\Pic_TOJ\pic_pool_step_3_formal\770_3.png 1920 251 576 320
167,MSG,333876815,!V IMGLOAD CENTER F:\Pic_TOJ\pic_pool_step_3_formal\770_1.png 640 251 576 320
168,MSG,333876815,!V IMGLOAD CENTER F:\Pic_TOJ\pic_pool_step_3_formal\770_2.png 1280 972 576 320
169,MSG,333876814,forcedchoice_start_1
170,MSG,333876775,target_position : right
171,MSG,333876772,jitter_iti_end_0
172,MSG,333874669,jitter_iti_start_0
173,MSG,333874669,punishment_end_0
174,MSG,333866666,punishment_start_0
175,MSG,333866666,forcedchoice_end_0
176,MSG,333866666,!V CLEAR 0 0 0
177,MSG,333865149,!V DRAWBOX 0 255 0 1845 537 1995 687
178,MSG,333865149,!V DRAWBOX 0 255 0 565 537 715 687
179,MSG,333865149,!V DRAWBOX 0 255 0 1205 1257 1355 1407
180,MSG,333865149,!V IAREA RECTANGLE 3 1632 92 2208 412 right_roi
181,MSG,333865149,!V IAREA RECTANGLE 2 352 92 928 412 left_roi
182,MSG,333865149,!V IAREA RECTANGLE 1 992 812 1568 1132 bottom_roi
183,MSG,333865149,!V IMGLOAD CENTER F:\Pic_TOJ\pic_pool_step_3_formal\682_3.png 1920 251 576 320
184,MSG,333865149,!V IMGLOAD CENTER F:\Pic_TOJ\pic_pool_step_3_formal\682_1.png 640 251 576 320
185,MSG,333865149,!V IMGLOAD CENTER F:\Pic_TOJ\pic_pool_step_3_formal\682_2.png 1280 972 576 320
186,MSG,333865149,forcedchoice_start_0
187,MSG,333865107,target_position : right
188,MSG,333865105,delay_end
189,MSG,333864100,delay_start
190,MSG,333864100,!V CLEAR 0 0 0
191,MSG,333864100,memory_iti_end
192,MSG,333862090,memory_iti_start
193,MSG,333862090,forcedmemory_end_pic_3
194,MSG,333862090,!V CLEAR 0 0 0
195,MSG,333857090,!V IAREA RECTANGLE 9 992 560 1568 880 memory_roi
196,MSG,333857090,!V IMGLOAD CENTER F:\Pic_TOJ\pic_pool_step_3_formal\682_3.png 1280 720 576 320
197,MSG,333857090,forcedmemory_start_pic_3
198,MSG,333857075,memory_iti_end
199,MSG,333855065,memory_iti_start
200,MSG,333855065,forcedmemory_end_pic_2
201,MSG,333855065,!V CLEAR 0 0 0
202,MSG,333850065,!V IAREA RECTANGLE 9 992 560 1568 880 memory_roi
203,MSG,333850065,!V IMGLOAD CENTER F:\Pic_TOJ\pic_pool_step_3_formal\782_2.png 1280 720 576 320
204,MSG,333850065,forcedmemory_start_pic_2
205,MSG,333850051,memory_iti_end
206,MSG,333848041,memory_iti_start
207,MSG,333848041,forcedmemory_end_pic_1
208,MSG,333848041,!V CLEAR 0 0 0
209,MSG,333843040,!V IAREA RECTANGLE 9 992 560 1568 880 memory_roi
210,MSG,333843040,!V IMGLOAD CENTER F:\Pic_TOJ\pic_pool_step_3_formal\770_3.png 1280 720 576 320
211,MSG,333843040,forcedmemory_start_pic_1
212,MSG,333843027,memory_iti_end
213,MSG,333841017,memory_iti_start
214,MSG,333841017,forcedmemory_end_pic_0
215,MSG,333841017,!V CLEAR 0 0 0
216,MSG,333836026,!V IAREA RECTANGLE 9 992 560 1568 880 memory_roi
217,MSG,333836026,!V IMGLOAD CENTER F:\Pic_TOJ\pic_pool_step_3_formal\1065_1.png 1280 720 576 320
218,MSG,333836026,forcedmemory_start_pic_0
219,MSG,333836015,selfpaced_start_m_end
220,MSG,333835007,selfpaced_start_m_start
221,MSG,333835007,EYE_USED 1 RIGHT
222,MSG,333834869,!MODE RECORD CR 2000 2 1 R
223,MSG,333834868,ELCL_EFIT_PARAMS 1.01 4.00 0.15 0.05 0.65 0.65 0.00 0.00 0.30
224,MSG,333834868,ELCL_PROC ELLIPSE (5)
225,MSG,333834868,PUPIL_DATA_TYPE RAW_AUTOSLIP
226,MSG,333834868,CAMERA_LENS_FOCAL_LENGTH 27.00
227,MSG,333834868,ELCL_WINDOW_SIZES 160 160 0 0
228,MSG,333834868,THRESHOLDS R 65 201
229,MSG,333834868,GAZE_COORDS 0.00 0.00 2559.00 1439.00
230,MSG,333834868,ELCLCFG MPRIM
231,MSG,333834868,RECCFG CR 2000 2 1 R
232,MSG,333834825,jitter_iti_end_3
233,MSG,333833291,jitter_iti_start_3
234,MSG,333833291,punishment_end_3
235,MSG,333825287,punishment_start_3
236,MSG,333825287,forcedchoice_end_3
237,MSG,333825287,!V CLEAR 0 0 0
238,MSG,333822184,!V DRAWBOX 0 255 0 1845 537 1995 687
239,MSG,333822184,!V DRAWBOX 0 255 0 565 537 715 687
240,MSG,333822184,!V DRAWBOX 0 255 0 1205 1257 1355 1407
241,MSG,333822184,!V IAREA RECTANGLE 3 1632 92 2208 412 right_roi
242,MSG,333822183,!V IAREA RECTANGLE 2 352 92 928 412 left_roi
243,MSG,333822183,!V IAREA RECTANGLE 1 992 812 1568 1132 bottom_roi
244,MSG,333822183,!V IMGLOAD CENTER F:\Pic_TOJ\pic_pool_step_3_formal\682_1.png 1920 251 576 320
245,MSG,333822183,!V IMGLOAD CENTER F:\Pic_TOJ\pic_pool_step_3_formal\682_2.png 640 251 576 320
246,MSG,333822183,!V IMGLOAD CENTER F:\Pic_TOJ\pic_pool_step_3_formal\682_3.png 1280 972 576 320
247,MSG,333822183,forcedchoice_start_3
248,MSG,333822141,target_position : bottom
249,MSG,333822139,jitter_iti_end_2
250,MSG,333820671,jitter_iti_start_2
251,MSG,333820671,punishment_end_2
252,MSG,333812668,punishment_start_2
253,MSG,333812668,forcedchoice_end_2
254,MSG,333812668,!V CLEAR 0 0 0
255,MSG,333809310,!V DRAWBOX 0 255 0 1845 537 1995 687
256,MSG,333809310,!V DRAWBOX 0 255 0 565 537 715 687
257,MSG,333809310,!V DRAWBOX 0 255 0 1205 1257 1355 1407
258,MSG,333809310,!V IAREA RECTANGLE 3 1632 92 2208 412 right_roi
259,MSG,333809310,!V IAREA RECTANGLE 2 352 92 928 412 left_roi
260,MSG,333809310,!V IAREA RECTANGLE 1 992 812 1568 1132 bottom_roi
261,MSG,333809310,!V IMGLOAD CENTER F:\Pic_TOJ\pic_pool_step_3_formal\770_3.png 1920 251 576 320
262,MSG,333809310,!V IMGLOAD CENTER F:\Pic_TOJ\pic_pool_step_3_formal\770_1.png 640 251 576 320
263,MSG,333809310,!V IMGLOAD CENTER F:\Pic_TOJ\pic_pool_step_3_formal\770_2.png 1280 972 576 320
264,MSG,333809310,forcedchoice_start_2
265,MSG,333809271,target_position : right
266,MSG,333809268,jitter_iti_end_1
267,MSG,333806741,jitter_iti_start_1
268,MSG,333806741,punishment_end_1
269,MSG,333798738,punishment_start_1
270,MSG,333798738,forcedchoice_end_1
271,MSG,333798738,!V CLEAR 0 0 0
272,MSG,333795293,!V DRAWBOX 0 255 0 1845 537 1995 687
273,MSG,333795293,!V DRAWBOX 0 255 0 565 537 715 687
274,MSG,333795293,!V DRAWBOX 0 255 0 1205 1257 1355 1407
275,MSG,333795293,!V IAREA RECTANGLE 3 1632 92 2208 412 right_roi
276,MSG,333795293,!V IAREA RECTANGLE 2 352 92 928 412 left_roi
277,MSG,333795293,!V IAREA RECTANGLE 1 992 812 1568 1132 bottom_roi
278,MSG,333795293,!V IMGLOAD CENTER F:\Pic_TOJ\pic_pool_step_3_formal\782_3.png 1920 251 576 320
279,MSG,333795293,!V IMGLOAD CENTER F:\Pic_TOJ\pic_pool_step_3_formal\782_2.png 640 251 576 320
280,MSG,333795293,!V IMGLOAD CENTER F:\Pic_TOJ\pic_pool_step_3_formal\782_1.png 1280 972 576 320
281,MSG,333795293,forcedchoice_start_1
282,MSG,333795248,target_position : left
283,MSG,333795246,jitter_iti_end_0
284,MSG,333794267,jitter_iti_start_0
285,MSG,333794267,punishment_end_0
286,MSG,333786263,punishment_start_0
287,MSG,333786263,forcedchoice_end_0
288,MSG,333786263,!V CLEAR 0 0 0
289,MSG,333783890,!V DRAWBOX 0 255 0 1845 537 1995 687
290,MSG,333783890,!V DRAWBOX 0 255 0 565 537 715 687
291,MSG,333783890,!V DRAWBOX 0 255 0 1205 1257 1355 1407
292,MSG,333783890,!V IAREA RECTANGLE 3 1632 92 2208 412 right_roi
293,MSG,333783890,!V IAREA RECTANGLE 2 352 92 928 412 left_roi
294,MSG,333783890,!V IAREA RECTANGLE 1 992 812 1568 1132 bottom_roi
295,MSG,333783890,!V IMGLOAD CENTER F:\Pic_TOJ\pic_pool_step_3_formal\1065_3.png 1920 251 576 320
296,MSG,333783890,!V IMGLOAD CENTER F:\Pic_TOJ\pic_pool_step_3_formal\1065_1.png 640 251 576 320
297,MSG,333783890,!V IMGLOAD CENTER F:\Pic_TOJ\pic_pool_step_3_formal\1065_2.png 1280 972 576 320
298,MSG,333783890,forcedchoice_start_0
299,MSG,333783857,target_position : left
300,MSG,333783856,delay_end
301,MSG,333782850,delay_start
302,MSG,333782850,!V CLEAR 0 0 0
303,MSG,333782850,memory_iti_end
304,MSG,333780841,memory_iti_start
305,MSG,333780840,forcedmemory_end_pic_3
306,MSG,333780840,!V CLEAR 0 0 0
307,MSG,333775840,!V IAREA RECTANGLE 9 992 560 1568 880 memory_roi
308,MSG,333775840,!V IMGLOAD CENTER F:\Pic_TOJ\pic_pool_step_3_formal\770_3.png 1280 720 576 320
309,MSG,333775840,forcedmemory_start_pic_3
310,MSG,333775827,memory_iti_end
311,MSG,333773816,memory_iti_start
312,MSG,333773816,forcedmemory_end_pic_2
313,MSG,333773816,!V CLEAR 0 0 0
314,MSG,333768826,!V IAREA RECTANGLE 9 992 560 1568 880 memory_roi
315,MSG,333768826,!V IMGLOAD CENTER F:\Pic_TOJ\pic_pool_step_3_formal\1065_1.png 1280 720 576 320
316,MSG,333768825,forcedmemory_start_pic_2
317,MSG,333768815,memory_iti_end
318,MSG,333766805,memory_iti_start
319,MSG,333766805,forcedmemory_end_pic_1
320,MSG,333766805,!V CLEAR 0 0 0
321,MSG,333761805,!V IAREA RECTANGLE 9 992 560 1568 880 memory_roi
322,MSG,333761805,!V IMGLOAD CENTER F:\Pic_TOJ\pic_pool_step_3_formal\682_3.png 1280 720 576 320
323,MSG,333761805,forcedmemory_start_pic_1
324,MSG,333761791,memory_iti_end
325,MSG,333759781,memory_iti_start
326,MSG,333759781,forcedmemory_end_pic_0
327,MSG,333759781,!V CLEAR 0 0 0
328,MSG,333754781,!V IAREA RECTANGLE 9 992 560 1568 880 memory_roi
329,MSG,333754781,!V IMGLOAD CENTER F:\Pic_TOJ\pic_pool_step_3_formal\782_2.png 1280 720 576 320
330,MSG,333754781,forcedmemory_start_pic_0
331,MSG,333754766,selfpaced_start_m_end
332,MSG,333753637,selfpaced_start_m_start
333,MSG,333753637,EYE_USED 1 RIGHT
334,MSG,333753500,!MODE RECORD CR 2000 2 1 R
335,MSG,333753499,ELCL_EFIT_PARAMS 1.01 4.00 0.15 0.05 0.65 0.65 0.00 0.00 0.30
336,MSG,333753499,ELCL_PROC ELLIPSE (5)
337,MSG,333753499,PUPIL_DATA_TYPE RAW_AUTOSLIP
338,MSG,333753499,CAMERA_LENS_FOCAL_LENGTH 27.00
339,MSG,333753499,ELCL_WINDOW_SIZES 160 160 0 0
340,MSG,333753499,THRESHOLDS R 65 201
341,MSG,333753499,GAZE_COORDS 0.00 0.00 2559.00 1439.00
342,MSG,333753499,ELCLCFG MPRIM
343,MSG,333753499,RECCFG CR 2000 2 1 R
344,MSG,333753457,jitter_iti_end_3
345,MSG,333750996,jitter_iti_start_3
346,MSG,333749003,reward_end_3
347,MSG,333749003,!V CLEAR 0 0 0
348,MSG,333747007,!V IMGLOAD CENTER F:\Pic_TOJ\pic_pool_step_3_formal\682_3.png 1920 251 576 320
349,MSG,333747007,reward_start_3
350,MSG,333746988,forcedchoice_end_3
351,MSG,333746988,!V CLEAR 0 0 0
352,MSG,333743805,!V DRAWBOX 0 255 0 1845 537 1995 687
353,MSG,333743805,!V DRAWBOX 0 255 0 565 537 715 687
354,MSG,333743805,!V DRAWBOX 0 255 0 1205 1257 1355 1407
355,MSG,333743805,!V IAREA RECTANGLE 3 1632 92 2208 412 right_roi
356,MSG,333743805,!V IAREA RECTANGLE 2 352 92 928 412 left_roi
357,MSG,333743805,!V IAREA RECTANGLE 1 992 812 1568 1132 bottom_roi
358,MSG,333743805,!V IMGLOAD CENTER F:\Pic_TOJ\pic_pool_step_3_formal\682_3.png 1920 251 576 320
359,MSG,333743805,!V IMGLOAD CENTER F:\Pic_TOJ\pic_pool_step_3_formal\682_2.png 640 251 576 320
360,MSG,333743805,!V IMGLOAD CENTER F:\Pic_TOJ\pic_pool_step_3_formal\682_1.png 1280 972 576 320
361,MSG,333743805,forcedchoice_start_3
362,MSG,333743763,target_position : right
363,MSG,333743761,jitter_iti_end_2
364,MSG,333742332,jitter_iti_start_2
365,MSG,333742332,punishment_end_2
366,MSG,333734329,punishment_start_2
367,MSG,333734328,forcedchoice_end_2
368,MSG,333734328,!V CLEAR 0 0 0
369,MSG,333731369,!V DRAWBOX 0 255 0 1845 537 1995 687
370,MSG,333731369,!V DRAWBOX 0 255 0 565 537 715 687
371,MSG,333731369,!V DRAWBOX 0 255 0 1205 1257 1355 1407
372,MSG,333731369,!V IAREA RECTANGLE 3 1632 92 2208 412 right_roi
373,MSG,333731369,!V IAREA RECTANGLE 2 352 92 928 412 left_roi
374,MSG,333731369,!V IAREA RECTANGLE 1 992 812 1568 1132 bottom_roi
375,MSG,333731369,!V IMGLOAD CENTER F:\Pic_TOJ\pic_pool_step_3_formal\770_3.png 1920 251 576 320
376,MSG,333731369,!V IMGLOAD CENTER F:\Pic_TOJ\pic_pool_step_3_formal\770_2.png 640 251 576 320
377,MSG,333731368,!V IMGLOAD CENTER F:\Pic_TOJ\pic_pool_step_3_formal\770_1.png 1280 972 576 320
378,MSG,333731368,forcedchoice_start_2
379,MSG,333731328,target_position : right
380,MSG,333731326,jitter_iti_end_1
381,MSG,333729698,jitter_iti_start_1
382,MSG,333729698,punishment_end_1
383,MSG,333721695,punishment_start_1
384,MSG,333721695,forcedchoice_end_1
385,MSG,333721695,!V CLEAR 0 0 0
386,MSG,333717382,!V DRAWBOX 0 255 0 1845 537 1995 687
387,MSG,333717382,!V DRAWBOX 0 255 0 565 537 715 687
388,MSG,333717382,!V DRAWBOX 0 255 0 1205 1257 1355 1407
389,MSG,333717382,!V IAREA RECTANGLE 3 1632 92 2208 412 right_roi
390,MSG,333717382,!V IAREA RECTANGLE 2 352 92 928 412 left_roi
391,MSG,333717382,!V IAREA RECTANGLE 1 992 812 1568 1132 bottom_roi
392,MSG,333717382,!V IMGLOAD CENTER F:\Pic_TOJ\pic_pool_step_3_formal\1065_3.png 1920 251 576 320
393,MSG,333717382,!V IMGLOAD CENTER F:\Pic_TOJ\pic_pool_step_3_formal\1065_1.png 640 251 576 320
394,MSG,333717382,!V IMGLOAD CENTER F:\Pic_TOJ\pic_pool_step_3_formal\1065_2.png 1280 972 576 320
395,MSG,333717382,forcedchoice_start_1
396,MSG,333717349,target_position : left
397,MSG,333717343,jitter_iti_end_0
398,MSG,333716113,jitter_iti_start_0
399,MSG,333716113,punishment_end_0
400,MSG,333708110,punishment_start_0
401,MSG,333708110,forcedchoice_end_0
402,MSG,333708110,!V CLEAR 0 0 0
403,MSG,333706885,!V DRAWBOX 0 255 0 1845 537 1995 687
404,MSG,333706885,!V DRAWBOX 0 255 0 565 537 715 687
405,MSG,333706885,!V DRAWBOX 0 255 0 1205 1257 1355 1407
406,MSG,333706885,!V IAREA RECTANGLE 3 1632 92 2208 412 right_roi
407,MSG,333706885,!V IAREA RECTANGLE 2 352 92 928 412 left_roi
408,MSG,333706885,!V IAREA RECTANGLE 1 992 812 1568 1132 bottom_roi
409,MSG,333706885,!V IMGLOAD CENTER F:\Pic_TOJ\pic_pool_step_3_formal\782_1.png 1920 251 576 320
410,MSG,333706885,!V IMGLOAD CENTER F:\Pic_TOJ\pic_pool_step_3_formal\782_3.png 640 251 576 320
411,MSG,333706885,!V IMGLOAD CENTER F:\Pic_TOJ\pic_pool_step_3_formal\782_2.png 1280 972 576 320
412,MSG,333706885,forcedchoice_start_0
413,MSG,333706841,target_position : bottom
414,MSG,333706840,delay_end
415,MSG,333705835,delay_start
416,MSG,333705835,!V CLEAR 0 0 0
417,MSG,333705835,memory_iti_end
418,MSG,333703825,memory_iti_start
419,MSG,333703825,forcedmemory_end_pic_3
420,MSG,333703825,!V CLEAR 0 0 0
421,MSG,333698834,!V IAREA RECTANGLE 9 992 560 1568 880 memory_roi
422,MSG,333698834,!V IMGLOAD CENTER F:\Pic_TOJ\pic_pool_step_3_formal\1065_1.png 1280 720 576 320
423,MSG,333698834,forcedmemory_start_pic_3
424,MSG,333698823,memory_iti_end
425,MSG,333696813,memory_iti_start
426,MSG,333696813,forcedmemory_end_pic_2
427,MSG,333696813,!V CLEAR 0 0 0
428,MSG,333691814,!V IAREA RECTANGLE 9 992 560 1568 880 memory_roi
429,MSG,333691814,!V IMGLOAD CENTER F:\Pic_TOJ\pic_pool_step_3_formal\782_2.png 1280 720 576 320
430,MSG,333691814,forcedmemory_start_pic_2
431,MSG,333691799,memory_iti_end
432,MSG,333689790,memory_iti_start
433,MSG,333689790,forcedmemory_end_pic_1
434,MSG,333689790,!V CLEAR 0 0 0
435,MSG,333684789,!V IAREA RECTANGLE 9 992 560 1568 880 memory_roi
436,MSG,333684789,!V IMGLOAD CENTER F:\Pic_TOJ\pic_pool_step_3_formal\682_3.png 1280 720 576 320
437,MSG,333684789,forcedmemory_start_pic_1
438,MSG,333684775,memory_iti_end
439,MSG,333682765,memory_iti_start
440,MSG,333682765,forcedmemory_end_pic_0
441,MSG,333682765,!V CLEAR 0 0 0
442,MSG,333677763,!V IAREA RECTANGLE 9 992 560 1568 880 memory_roi
443,MSG,333677763,!V IMGLOAD CENTER F:\Pic_TOJ\pic_pool_step_3_formal\770_3.png 1280 720 576 320
444,MSG,333677763,forcedmemory_start_pic_0
445,MSG,333677750,selfpaced_start_m_end
446,MSG,333676072,selfpaced_start_m_start
447,MSG,333676072,EYE_USED 1 RIGHT
448,MSG,333675931,!MODE RECORD CR 2000 2 1 R
449,MSG,333675930,ELCL_EFIT_PARAMS 1.01 4.00 0.15 0.05 0.65 0.65 0.00 0.00 0.30
450,MSG,333675930,ELCL_PROC ELLIPSE (5)
451,MSG,333675930,PUPIL_DATA_TYPE RAW_AUTOSLIP
452,MSG,333675930,CAMERA_LENS_FOCAL_LENGTH 27.00
453,MSG,333675930,ELCL_WINDOW_SIZES 160 160 0 0
454,MSG,333675930,THRESHOLDS R 65 201
455,MSG,333675930,GAZE_COORDS 0.00 0.00 2559.00 1439.00
456,MSG,333675930,ELCLCFG MPRIM
457,MSG,333675930,RECCFG CR 2000 2 1 R
458,MSG,333675885,jitter_iti_end_3
459,MSG,333675171,jitter_iti_start_3
460,MSG,333673177,reward_end_3
461,MSG,333673177,!V CLEAR 0 0 0
462,MSG,333671180,!V IMGLOAD CENTER F:\Pic_TOJ\pic_pool_step_3_formal\770_3.png 1920 251 576 320
463,MSG,333671180,reward_start_3
464,MSG,333671163,forcedchoice_end_3
465,MSG,333671163,!V CLEAR 0 0 0
466,MSG,333664029,!V DRAWBOX 0 255 0 1845 537 1995 687
467,MSG,333664029,!V DRAWBOX 0 255 0 565 537 715 687
468,MSG,333664029,!V DRAWBOX 0 255 0 1205 1257 1355 1407
469,MSG,333664029,!V IAREA RECTANGLE 3 1632 92 2208 412 right_roi
470,MSG,333664029,!V IAREA RECTANGLE 2 352 92 928 412 left_roi
471,MSG,333664029,!V IAREA RECTANGLE 1 992 812 1568 1132 bottom_roi
472,MSG,333664029,!V IMGLOAD CENTER F:\Pic_TOJ\pic_pool_step_3_formal\770_3.png 1920 251 576 320
473,MSG,333664029,!V IMGLOAD CENTER F:\Pic_TOJ\pic_pool_step_3_formal\770_2.png 640 251 576 320
474,MSG,333664029,!V IMGLOAD CENTER F:\Pic_TOJ\pic_pool_step_3_formal\770_1.png 1280 972 576 320
475,MSG,333664029,forcedchoice_start_3
476,MSG,333663969,target_position : right
477,MSG,333663967,jitter_iti_end_2
478,MSG,333662022,jitter_iti_start_2
479,MSG,333662022,punishment_end_2
480,MSG,333654019,punishment_start_2
481,MSG,333654019,forcedchoice_end_2
482,MSG,333654019,!V CLEAR 0 0 0
483,MSG,333652452,!V DRAWBOX 0 255 0 1845 537 1995 687
484,MSG,333652452,!V DRAWBOX 0 255 0 565 537 715 687
485,MSG,333652452,!V DRAWBOX 0 255 0 1205 1257 1355 1407
486,MSG,333652452,!V IAREA RECTANGLE 3 1632 92 2208 412 right_roi
487,MSG,333652452,!V IAREA RECTANGLE 2 352 92 928 412 left_roi
488,MSG,333652452,!V IAREA RECTANGLE 1 992 812 1568 1132 bottom_roi
489,MSG,333652452,!V IMGLOAD CENTER F:\Pic_TOJ\pic_pool_step_3_formal\682_2.png 1920 251 576 320
490,MSG,333652452,!V IMGLOAD CENTER F:\Pic_TOJ\pic_pool_step_3_formal\682_3.png 640 251 576 320
491,MSG,333652452,!V IMGLOAD CENTER F:\Pic_TOJ\pic_pool_step_3_formal\682_1.png 1280 972 576 320
492,MSG,333652452,forcedchoice_start_2
493,MSG,333652381,target_position : left
494,MSG,333652379,jitter_iti_end_1
495,MSG,333650698,jitter_iti_start_1
496,MSG,333648705,reward_end_1
497,MSG,333648705,!V CLEAR 0 0 0
498,MSG,333646707,!V IMGLOAD CENTER F:\Pic_TOJ\pic_pool_step_3_formal\1065_1.png 1280 972 576 320
499,MSG,333646707,reward_start_1
500,MSG,333646690,forcedchoice_end_1
501,MSG,333646690,!V CLEAR 0 0 0
502,MSG,333645280,!V DRAWBOX 0 255 0 1845 537 1995 687
503,MSG,333645280,!V DRAWBOX 0 255 0 565 537 715 687
504,MSG,333645280,!V DRAWBOX 0 255 0 1205 1257 1355 1407
505,MSG,333645280,!V IAREA RECTANGLE 3 1632 92 2208 412 right_roi
506,MSG,333645280,!V IAREA RECTANGLE 2 352 92 928 412 left_roi
507,MSG,333645280,!V IAREA RECTANGLE 1 992 812 1568 1132 bottom_roi
508,MSG,333645280,!V IMGLOAD CENTER F:\Pic_TOJ\pic_pool_step_3_formal\1065_2.png 1920 251 576 320
509,MSG,333645280,!V IMGLOAD CENTER F:\Pic_TOJ\pic_pool_step_3_formal\1065_3.png 640 251 576 320
510,MSG,333645280,!V IMGLOAD CENTER F:\Pic_TOJ\pic_pool_step_3_formal\1065_1.png 1280 972 576 320
511,MSG,333645280,forcedchoice_start_1
512,MSG,333645237,target_position : bottom
513,MSG,333645209,jitter_iti_end_0
514,MSG,333643555,jitter_iti_start_0
515,MSG,333643555,punishment_end_0
516,MSG,333635552,punishment_start_0
517,MSG,333635552,forcedchoice_end_0
518,MSG,333635552,!V CLEAR 0 0 0
519,MSG,333634238,!V DRAWBOX 0 255 0 1845 537 1995 687
520,MSG,333634238,!V DRAWBOX 0 255 0 565 537 715 687
521,MSG,333634238,!V DRAWBOX 0 255 0 1205 1257 1355 1407
522,MSG,333634238,!V IAREA RECTANGLE 3 1632 92 2208 412 right_roi
523,MSG,333634238,!V IAREA RECTANGLE 2 352 92 928 412 left_roi
524,MSG,333634238,!V IAREA RECTANGLE 1 992 812 1568 1132 bottom_roi
525,MSG,333634238,!V IMGLOAD CENTER F:\Pic_TOJ\pic_pool_step_3_formal\782_3.png 1920 251 576 320
526,MSG,333634238,!V IMGLOAD CENTER F:\Pic_TOJ\pic_pool_step_3_formal\782_1.png 640 251 576 320
527,MSG,333634238,!V IMGLOAD CENTER F:\Pic_TOJ\pic_pool_step_3_formal\782_2.png 1280 972 576 320
528,MSG,333634238,forcedchoice_start_0
529,MSG,333634174,target_position : bottom
530,MSG,333634163,delay_end
531,MSG,333633158,delay_start
532,MSG,333633158,!V CLEAR 0 0 0
533,MSG,333633158,memory_iti_end
534,MSG,333631148,memory_iti_start
535,MSG,333631148,forcedmemory_end_pic_3
536,MSG,333631148,!V CLEAR 0 0 0
537,MSG,333626153,!V IAREA RECTANGLE 9 992 560 1568 880 memory_roi
538,MSG,333626153,!V IMGLOAD CENTER F:\Pic_TOJ\pic_pool_step_3_formal\770_3.png 1280 720 576 320
539,MSG,333626153,forcedmemory_start_pic_3
540,MSG,333626120,memory_iti_end
541,MSG,333624110,memory_iti_start
542,MSG,333624110,forcedmemory_end_pic_2
543,MSG,333624110,!V CLEAR 0 0 0
544,MSG,333619109,!V IAREA RECTANGLE 9 992 560 1568 880 memory_roi
545,MSG,333619109,!V IMGLOAD CENTER F:\Pic_TOJ\pic_pool_step_3_formal\1065_1.png 1280 720 576 320
546,MSG,333619109,forcedmemory_start_pic_2
547,MSG,333619070,memory_iti_end
548,MSG,333617060,memory_iti_start
549,MSG,333617060,forcedmemory_end_pic_1
550,MSG,333617060,!V CLEAR 0 0 0
551,MSG,333612058,!V IAREA RECTANGLE 9 992 560 1568 880 memory_roi
552,MSG,333612058,!V IMGLOAD CENTER F:\Pic_TOJ\pic_pool_step_3_formal\682_3.png 1280 720 576 320
553,MSG,333612058,forcedmemory_start_pic_1
554,MSG,333612019,memory_iti_end
555,MSG,333610009,memory_iti_start
556,MSG,333610009,forcedmemory_end_pic_0
557,MSG,333610009,!V CLEAR 0 0 0
558,MSG,333605015,!V IAREA RECTANGLE 9 992 560 1568 880 memory_roi
559,MSG,333605015,!V IMGLOAD CENTER F:\Pic_TOJ\pic_pool_step_3_formal\782_2.png 1280 720 576 320
560,MSG,333605015,forcedmemory_start_pic_0
561,MSG,333604981,selfpaced_start_m_end
562,MSG,333603697,selfpaced_start_m_start
563,MSG,333603697,EYE_USED 1 RIGHT
